--- INSERTING into EXERCISES

insert into exercises (
   exercise_id,
   type,
   kcal_burned,
   name,
   video_id
) values ( 1,
           'strength',
           0,
           'barbell bench press',
           'EeE3f4VWFDo' );
insert into exercises (
   exercise_id,
   type,
   kcal_burned,
   name,
   video_id
) values ( 2,
           'strength',
           0,
           'dumbbell bench press',
           'YQ2s_Y7g5Qk' );
insert into exercises (
   exercise_id,
   type,
   kcal_burned,
   name,
   video_id
) values ( 3,
           'strength',
           0,
           'barbell shoulder press',
           'EeE3f4VWFDo' );
insert into exercises (
   exercise_id,
   type,
   kcal_burned,
   name,
   video_id
) values ( 4,
           'strength',
           0,
           'dumbbell shoulder press',
           'HzIiNhHhhtA' );
insert into exercises (
   exercise_id,
   type,
   kcal_burned,
   name,
   video_id
) values ( 5,
           'strength',
           0,
           'dumbbell lateral raise',
           'OuG1smZTsQQ' );
insert into exercises (
   exercise_id,
   type,
   kcal_burned,
   name,
   video_id
) values ( 6,
           'strength',
           0,
           'dumbbell chest fly',
           'JFm8KbhjibM' );
insert into exercises (
   exercise_id,
   type,
   kcal_burned,
   name,
   video_id
) values ( 7,
           'strength',
           0,
           'dip',
           '4LA1kF7yCGo' );
insert into exercises (
   exercise_id,
   type,
   kcal_burned,
   name,
   video_id
) values ( 8,
           'strength',
           0,
           'cable tricep pushdown',
           '6Fzep104f0s' );
insert into exercises (
   exercise_id,
   type,
   kcal_burned,
   name,
   video_id
) values ( 9,
           'strength',
           0,
           'dumbbell frontal raise',
           'hRJ6tR5-if0' );
insert into exercises (
   exercise_id,
   type,
   kcal_burned,
   name,
   video_id
) values ( 10,
           'strength',
           0,
           'dumbbell skull crushers',
           'jPjhQ2hsAds' );
insert into exercises (
   exercise_id,
   type,
   kcal_burned,
   name,
   video_id
) values ( 11,
           'strength',
           0,
           'machine chest press',
           'NwzUje3z0qY' );
insert into exercises (
   exercise_id,
   type,
   kcal_burned,
   name,
   video_id
) values ( 12,
           'strength',
           0,
           'machine shoulder press',
           'WvLMauqrnK8' );
insert into exercises (
   exercise_id,
   type,
   kcal_burned,
   name,
   video_id
) values ( 13,
           'strength',
           0,
           'machine lateral raise',
           '0o07iGKUarI' );
insert into exercises (
   exercise_id,
   type,
   kcal_burned,
   name,
   video_id
) values ( 14,
           'strength',
           0,
           'machine tricep extension',
           'Bx8ga1BLHLE' );
insert into exercises (
   exercise_id,
   type,
   kcal_burned,
   name,
   video_id
) values ( 15,
           'strength',
           0,
           'push up',
           'mm6_WcoCVTA' );
insert into exercises (
   exercise_id,
   type,
   kcal_burned,
   name,
   video_id
) values ( 16,
           'strength',
           0,
           'incline barbell bench press',
           'lJ2o89kcnxY' );
insert into exercises (
   exercise_id,
   type,
   kcal_burned,
   name,
   video_id
) values ( 17,
           'strength',
           0,
           'incline dumbbell bench press',
           '5CECBjd7HLQ' );
insert into exercises (
   exercise_id,
   type,
   kcal_burned,
   name,
   video_id
) values ( 18,
           'strength',
           0,
           'decline barbell bench press',
           'UH3w618WAAc' );
insert into exercises (
   exercise_id,
   type,
   kcal_burned,
   name,
   video_id
) values ( 19,
           'strength',
           0,
           'decline dumbbell bench press',
           '4R_GwRhG0rY' );
insert into exercises (
   exercise_id,
   type,
   kcal_burned,
   name,
   video_id
) values ( 20,
           'strength',
           0,
           'machine chest fly',
           'FDay9wFe5uE' );
insert into exercises (
   exercise_id,
   type,
   kcal_burned,
   name,
   video_id
) values ( 21,
           'strength',
           0,
           'barbell bicep curl',
           'JnLFSFurrqQ' );
insert into exercises (
   exercise_id,
   type,
   kcal_burned,
   name,
   video_id
) values ( 22,
           'strength',
           0,
           'dumbbell bicep  curl',
           'iixND1P2lik' );
insert into exercises (
   exercise_id,
   type,
   kcal_burned,
   name,
   video_id
) values ( 23,
           'strength',
           0,
           'bicep hammer curl',
           'XOEL4MgekYE' );
insert into exercises (
   exercise_id,
   type,
   kcal_burned,
   name,
   video_id
) values ( 24,
           'strength',
           0,
           'machine bicep curl',
           'Ja6ZlIDONac' );
insert into exercises (
   exercise_id,
   type,
   kcal_burned,
   name,
   video_id
) values ( 25,
           'strength',
           0,
           'machine bicep hammer curl',
           'Ja6ZlIDONac' );
insert into exercises (
   exercise_id,
   type,
   kcal_burned,
   name,
   video_id
) values ( 26,
           'strength',
           0,
           'barbell row',
           '6FZHJGzMFEc' );
insert into exercises (
   exercise_id,
   type,
   kcal_burned,
   name,
   video_id
) values ( 27,
           'strength',
           0,
           'dumbbell row',
           'DMo3HJoawrU' );
insert into exercises (
   exercise_id,
   type,
   kcal_burned,
   name,
   video_id
) values ( 28,
           'strength',
           0,
           'cable row',
           'UCXxvVItLoM' );
insert into exercises (
   exercise_id,
   type,
   kcal_burned,
   name,
   video_id
) values ( 29,
           'strength',
           0,
           'pull up',
           'GRgWPT9XSQQ' );
insert into exercises (
   exercise_id,
   type,
   kcal_burned,
   name,
   video_id
) values ( 30,
           'strength',
           0,
           'cable face pull',
           '-MODnZdnmAQ' );
insert into exercises (
   exercise_id,
   type,
   kcal_burned,
   name,
   video_id
) values ( 31,
           'strength',
           0,
           'chin up',
           '9JC1EwqezGY' );
insert into exercises (
   exercise_id,
   type,
   kcal_burned,
   name,
   video_id
) values ( 32,
           'strength',
           0,
           'dumbbell wrist curl',
           '2wPpcJBe03o' );
insert into exercises (
   exercise_id,
   type,
   kcal_burned,
   name,
   video_id
) values ( 33,
           'strength',
           0,
           'barbell wrist curl',
           'lfQR7oVS8eo' );
insert into exercises (
   exercise_id,
   type,
   kcal_burned,
   name,
   video_id
) values ( 34,
           'strength',
           0,
           'dumbbell wrist extension',
           'la-0c4ubkvs' );
insert into exercises (
   exercise_id,
   type,
   kcal_burned,
   name,
   video_id
) values ( 35,
           'strength',
           0,
           'barbell wrist extension',
           'PMdkUNXrB9Q' );
insert into exercises (
   exercise_id,
   type,
   kcal_burned,
   name,
   video_id
) values ( 36,
           'strength',
           0,
           'barbell reverse curl',
           'TUX58GM5fRQ' );
insert into exercises (
   exercise_id,
   type,
   kcal_burned,
   name,
   video_id
) values ( 37,
           'strength',
           0,
           'dumbbell reverse curl',
           'hUA-fIpM7nA' );
insert into exercises (
   exercise_id,
   type,
   kcal_burned,
   name,
   video_id
) values ( 38,
           'strength',
           0,
           'back extension',
           '5_ejbGfdAQE' );
insert into exercises (
   exercise_id,
   type,
   kcal_burned,
   name,
   video_id
) values ( 39,
           'strength',
           0,
           'barbell squat',
           'i7J5h7BJ07g' );
insert into exercises (
   exercise_id,
   type,
   kcal_burned,
   name,
   video_id
) values ( 40,
           'strength',
           0,
           'machine leg press',
           'yZmx_Ac3880' );
insert into exercises (
   exercise_id,
   type,
   kcal_burned,
   name,
   video_id
) values ( 41,
           'strength',
           0,
           'machine horizontal leg press',
           'ccTiGvrsUUY' );
insert into exercises (
   exercise_id,
   type,
   kcal_burned,
   name,
   video_id
) values ( 42,
           'strength',
           0,
           'hack squat',
           'rYgNArpwE7E' );
insert into exercises (
   exercise_id,
   type,
   kcal_burned,
   name,
   video_id
) values ( 43,
           'strength',
           0,
           'machine leg extension',
           'm0FOpMEgero' );
insert into exercises (
   exercise_id,
   type,
   kcal_burned,
   name,
   video_id
) values ( 44,
           'strength',
           0,
           'machine leg curl',
           'Orxowest56U' );
insert into exercises (
   exercise_id,
   type,
   kcal_burned,
   name,
   video_id
) values ( 45,
           'strength',
           0,
           'barbell standing calf raises',
           'hh5516HCu4k' );
insert into exercises (
   exercise_id,
   type,
   kcal_burned,
   name,
   video_id
) values ( 46,
           'strength',
           0,
           'machine calf raises',
           'N3awlEyTY98' );
insert into exercises (
   exercise_id,
   type,
   kcal_burned,
   name,
   video_id
) values ( 47,
           'strength',
           0,
           'dumbbell lunges',
           'eFWCn5iEbTU' );
insert into exercises (
   exercise_id,
   type,
   kcal_burned,
   name,
   video_id
) values ( 48,
           'strength',
           0,
           'barbell lunges',
           '_meXEWq5MOQ' );
insert into exercises (
   exercise_id,
   type,
   kcal_burned,
   name,
   video_id
) values ( 49,
           'strength',
           0,
           'hip thrust',
           'EF7jXP17DPE' );
insert into exercises (
   exercise_id,
   type,
   kcal_burned,
   name,
   video_id
) values ( 50,
           'strength',
           0,
           'barbell bulgarian split squat',
           'jNihW0WDIL4' );
insert into exercises (
   exercise_id,
   type,
   kcal_burned,
   name,
   video_id
) values ( 51,
           'strength',
           0,
           'barbell front squat',
           'HHxNbhP16UE' );
insert into exercises (
   exercise_id,
   type,
   kcal_burned,
   name,
   video_id
) values ( 52,
           'strength',
           0,
           'deadlift',
           'AweC3UaM14o' );
insert into exercises (
   exercise_id,
   type,
   kcal_burned,
   name,
   video_id
) values ( 53,
           'strength',
           0,
           'romanian deadlift',
           'bT5OOBgY4bc' );
insert into exercises (
   exercise_id,
   type,
   kcal_burned,
   name,
   video_id
) values ( 54,
           'strength',
           0,
           'sumo deadlift',
           'pfSMst14EFk' );
insert into exercises (
   exercise_id,
   type,
   kcal_burned,
   name,
   video_id
) values ( 55,
           'crossfit',
           0,
           'farmer walk',
           'dX0itH_wXBQ' );
insert into exercises (
   exercise_id,
   type,
   kcal_burned,
   name,
   video_id
) values ( 56,
           'strength',
           0,
           'shrugs',
           '_t3lrPI6Ns4' );
insert into exercises (
   exercise_id,
   type,
   kcal_burned,
   name,
   video_id
) values ( 57,
           'strength',
           0,
           'sit ups',
           'pXg8qppif7I' );
insert into exercises (
   exercise_id,
   type,
   kcal_burned,
   name,
   video_id
) values ( 58,
           'strength',
           0,
           'decline sit ups',
           'DAnTf16NcT0' );
insert into exercises (
   exercise_id,
   type,
   kcal_burned,
   name,
   video_id
) values ( 59,
           'strength',
           0,
           'crunches',
           '0t4t3IpiEao' );
insert into exercises (
   exercise_id,
   type,
   kcal_burned,
   name,
   video_id
) values ( 60,
           'strength',
           0,
           'decline crunches',
           'dVO_yOfvp3A' );
insert into exercises (
   exercise_id,
   type,
   kcal_burned,
   name,
   video_id
) values ( 61,
           'strength',
           0,
           'russian twists',
           'pzMWYoeSCzw' );
insert into exercises (
   exercise_id,
   type,
   kcal_burned,
   name,
   video_id
) values ( 62,
           'strength',
           0,
           'neck curl',
           'WSfy5wpU_Io' );
insert into exercises (
   exercise_id,
   type,
   kcal_burned,
   name,
   video_id
) values ( 63,
           'strength',
           0,
           'neck extensions',
           'Z6rZ8oRyFAk' );
insert into exercises (
   exercise_id,
   type,
   kcal_burned,
   name,
   video_id
) values ( 64,
           'strength',
           0,
           'machine reverse fly',
           '5YK4bgzXDp0' );
insert into exercises (
   exercise_id,
   type,
   kcal_burned,
   name,
   video_id
) values ( 65,
           'strength',
           0,
           'dumbbell reverse fly',
           'hf7jnF45N_I' );
insert into exercises (
   exercise_id,
   type,
   kcal_burned,
   name,
   video_id
) values ( 66,
           'cardio',
           2,
           'plank',
           'EPiXN2bkLoQ' );
insert into exercises (
   exercise_id,
   type,
   kcal_burned,
   name,
   video_id
) values ( 67,
           'strength',
           0,
           'leg raises',
           'q0JVBRHoLz4' );
insert into exercises (
   exercise_id,
   type,
   kcal_burned,
   name,
   video_id
) values ( 68,
           'cardio',
           5,
           'walking',
           null );
insert into exercises (
   exercise_id,
   type,
   kcal_burned,
   name,
   video_id
) values ( 69,
           'cardio',
           10,
           'jogging',
           null );
insert into exercises (
   exercise_id,
   type,
   kcal_burned,
   name,
   video_id
) values ( 70,
           'cardio',
           15,
           'running',
           null );
insert into exercises (
   exercise_id,
   type,
   kcal_burned,
   name,
   video_id
) values ( 71,
           'cardio',
           20,
           'sprinting',
           null );
insert into exercises (
   exercise_id,
   type,
   kcal_burned,
   name,
   video_id
) values ( 72,
           'cardio',
           12,
           'swimming',
           null );
insert into exercises (
   exercise_id,
   type,
   kcal_burned,
   name,
   video_id
) values ( 73,
           'cardio',
           10,
           'cycling',
           null );
insert into exercises (
   exercise_id,
   type,
   kcal_burned,
   name,
   video_id
) values ( 74,
           'cardio',
           8,
           'jumping jacks',
           'uLVt6u15L98' );
insert into exercises (
   exercise_id,
   type,
   kcal_burned,
   name,
   video_id
) values ( 75,
           'strength',
           0,
           'machine leg abduction',
           'G_8LItOiZ0Q' );
insert into exercises (
   exercise_id,
   type,
   kcal_burned,
   name,
   video_id
) values ( 76,
           'strength',
           0,
           'machine leg adduction',
           'CjAVezAggkI' );
insert into exercises (
   exercise_id,
   type,
   kcal_burned,
   name,
   video_id
) values ( 77,
           'strength',
           0,
           'machine lat pulldown',
           'EUIri47Epcg' );
insert into exercises (
   exercise_id,
   type,
   kcal_burned,
   name,
   video_id
) values ( 168,
           'cardio',
           8,
           'incline walking',
           null );
insert into exercises (
   exercise_id,
   type,
   kcal_burned,
   name,
   video_id
) values ( 173,
           'crossfit',
           10,
           'trap bar farmer''s walk',
           'ivqzKhwOpvI' );
insert into exercises (
   exercise_id,
   type,
   kcal_burned,
   name,
   video_id
) values ( 169,
           'cardio',
           12,
           'stepper',
           null );
insert into exercises (
   exercise_id,
   type,
   kcal_burned,
   name,
   video_id
) values ( 170,
           'cardio',
           18,
           'burpees',
           'TU8QYVW0gDU' );
insert into exercises (
   exercise_id,
   type,
   kcal_burned,
   name,
   video_id
) values ( 171,
           'cardio',
           14,
           'rope skipping',
           null );
insert into exercises (
   exercise_id,
   type,
   kcal_burned,
   name,
   video_id
) values ( 172,
           'crossfit',
           10,
           'dumbbell farmer''s walk',
           '8OtwXwrJizk' );
insert into exercises (
   exercise_id,
   type,
   kcal_burned,
   name,
   video_id
) values ( 174,
           'crossfit',
           12,
           'battle ropes alternating waves',
           'ZujykKeVZpM' );
insert into exercises (
   exercise_id,
   type,
   kcal_burned,
   name,
   video_id
) values ( 175,
           'crossfit',
           12,
           'battle ropes side waves',
           'tDCgANYoO3Q' );
insert into exercises (
   exercise_id,
   type,
   kcal_burned,
   name,
   video_id
) values ( 176,
           'crossfit',
           12,
           'battle ropes inside circles',
           'ycYOpuuqnLw' );
insert into exercises (
   exercise_id,
   type,
   kcal_burned,
   name,
   video_id
) values ( 177,
           'crossfit',
           12,
           'battle ropes outside circles',
           'bIeB-Ut8YJM' );
insert into exercises (
   exercise_id,
   type,
   kcal_burned,
   name,
   video_id
) values ( 178,
           'crossfit',
           10,
           'battle ropes uppercuts',
           'HIZI3TkbJjs' );
insert into exercises (
   exercise_id,
   type,
   kcal_burned,
   name,
   video_id
) values ( 179,
           'crossfit',
           20,
           'battle ropes jumping jacks',
           'r7Ndi0YYZ-0' );
insert into exercises (
   exercise_id,
   type,
   kcal_burned,
   name,
   video_id
) values ( 180,
           'crossfit',
           14,
           'battle ropes slams',
           '7wDx6mZDxA8' );
insert into exercises (
   exercise_id,
   type,
   kcal_burned,
   name,
   video_id
) values ( 301,
           'crossfit',
           100,
           'kidmaker',
           'I-u4F-E5yJ0' );
insert into exercises (
   exercise_id,
   type,
   kcal_burned,
   name,
   video_id
) values ( 302,
           'strength',
           0,
           'dumbbell bulgarian split squat',
           'Fmjj7wFJWRE' );
insert into exercises (
   exercise_id,
   type,
   kcal_burned,
   name,
   video_id
) values ( 259,
           'crossfit',
           10,
           'weighted wall sit',
           '8e42dL8MeMw' );
insert into exercises (
   exercise_id,
   type,
   kcal_burned,
   name,
   video_id
) values ( 260,
           'crossfit',
           12,
           'rowing',
           null );
insert into exercises (
   exercise_id,
   type,
   kcal_burned,
   name,
   video_id
) values ( 261,
           'crossfit',
           14,
           'weighted running',
           null );
insert into exercises (
   exercise_id,
   type,
   kcal_burned,
   name,
   video_id
) values ( 262,
           'crossfit',
           10,
           'weighted walking',
           null );
insert into exercises (
   exercise_id,
   type,
   kcal_burned,
   name,
   video_id
) values ( 263,
           'crossfit',
           11,
           'weighted incline walking',
           null );
insert into exercises (
   exercise_id,
   type,
   kcal_burned,
   name,
   video_id
) values ( 264,
           'crossfit',
           12,
           'weighted jumping jacks',
           null );
insert into exercises (
   exercise_id,
   type,
   kcal_burned,
   name,
   video_id
) values ( 265,
           'crossfit',
           10,
           'weighted rope skipping',
           null );

--- INSERTING into USERS

insert into users (
   username,
   name,
   surname,
   email,
   password,
   weight,
   height,
   verified,
   favorite_exercise,
   avatar
) values ( 'pedziwiatr',
           'Michał',
           'Pędziwiatr',
           'michalpedziwiatrr@gmail.com',
           '$2a$10$WZYQkbAlzYG6RZ5WOR6E8unZeJOiRj4IWqWQdXJ0man2wXT82gWJy',
           90.00,
           192.00,
           1,
           4,
           null );

insert into users (
   username,
   name,
   surname,
   email,
   password,
   weight,
   height,
   verified,
   favorite_exercise,
   avatar
) values ( 'skuter',
           'Kacper',
           'Siemionek',
           'siemionek.kacper22@gmail.com',
           '$2a$10$L7nm0NNb4RXhwmjF1agaTONPolIfuKqnt7LphbKYFriLUTLYUN1VW',
           75.00,
           175.00,
           1,
           12,
           '#4b7fc4' );

insert into users (
   username,
   name,
   surname,
   email,
   password,
   weight,
   height,
   verified,
   favorite_exercise,
   avatar
) values ( 'mandrysz',
           'Milosz',
           'Andry',
           'milosz@vveb.name',
           '$2a$10$MrU2p.phXHz7EIwbDMj21.uMdUj2EsRQPUL7F6WKU9frYbPuER2JW',
           null,
           null,
           1,
           null,
           null );

insert into users (
   username,
   name,
   surname,
   email,
   password,
   weight,
   height,
   verified,
   favorite_exercise,
   avatar
) values ( 'milosz',
           'Milosz',
           'Andry',
           'mandryszczuk2005@gmail.com',
           '$2a$10$2ortaiqJbaNMwQDQleRWLuraWJp3SusxO80SY/JUA0geLW7zf9s/S',
           80.00,
           190.00,
           1,
           null,
           '#4b7fc4' );


--- INSERTING into TOKEN

insert into token (
   email,
   verification_token,
   reset_token,
   reset_expiry
) values ( 'siemionek.kacper22@gmail.com',
           null,
           null,
           null );
insert into token (
   email,
   verification_token,
   reset_token,
   reset_expiry
) values ( 'milosz@vveb.name',
           null,
           null,
           null );
insert into token (
   email,
   verification_token,
   reset_token,
   reset_expiry
) values ( 'mandryszczuk2005@gmail.com',
           null,
           null,
           null );
insert into token (
   email,
   verification_token,
   reset_token,
   reset_expiry
) values ( 'michalpedziwiatrr@gmail.com',
           null,
           null,
           null );


--- INSERTING into WORKOUTS

insert into workouts (
   workout_id,
   start_datetime,
   username,
   end_datetime,
   description,
   created_datetime,
   is_posted,
   schedule
) values ( 71,
           to_timestamp('24/12/04 23:00:00.000000',
                        'DD/MM/YY HH24:MI:SS.US'),
           'skuter',
           to_timestamp('24/12/05 16:00:00.000000',
                        'DD/MM/YY HH24:MI:SS.US'),
           'harder better faster stronger',
           to_timestamp('25/01/16 17:06:58.538735',
                        'DD/MM/YY HH24:MI:SS.US'),
           0,
           0 );

insert into workouts (
   workout_id,
   start_datetime,
   username,
   end_datetime,
   description,
   created_datetime,
   is_posted,
   schedule
) values ( 2,
           to_timestamp('24/01/31 23:00:00.000000',
                        'DD/MM/YY HH24:MI:SS.US'),
           'pedziwiatr',
           to_timestamp('24/12/06 23:00:00.000000',
                        'DD/MM/YY HH24:MI:SS.US'),
           'ugabuga',
           to_timestamp('24/12/03 15:28:00.012175',
                        'DD/MM/YY HH24:MI:SS.US'),
           0,
           0 );

insert into workouts (
   workout_id,
   start_datetime,
   username,
   end_datetime,
   description,
   created_datetime,
   is_posted,
   schedule
) values ( 3,
           to_timestamp('24/11/30 17:00:00.000000',
                        'DD/MM/YY HH24:MI:SS.US'),
           'pedziwiatr',
           to_timestamp('24/11/30 18:30:00.000000',
                        'DD/MM/YY HH24:MI:SS.US'),
           'amazing push day',
           to_timestamp('24/12/04 01:20:56.984848',
                        'DD/MM/YY HH24:MI:SS.US'),
           0,
           0 );

insert into workouts (
   workout_id,
   start_datetime,
   username,
   end_datetime,
   description,
   created_datetime,
   is_posted,
   schedule
) values ( 6,
           to_timestamp('24/07/15 08:00:00.000000',
                        'DD/MM/YY HH24:MI:SS.US'),
           'pedziwiatr',
           to_timestamp('24/07/15 10:00:00.000000',
                        'DD/MM/YY HH24:MI:SS.US'),
           'growing out wings',
           to_timestamp('24/12/04 17:42:11.194051',
                        'DD/MM/YY HH24:MI:SS.US'),
           1,
           0 );

insert into workouts (
   workout_id,
   start_datetime,
   username,
   end_datetime,
   description,
   created_datetime,
   is_posted,
   schedule
) values ( 72,
           to_timestamp('24/12/11 23:00:00.000000',
                        'DD/MM/YY HH24:MI:SS.US'),
           'skuter',
           to_timestamp('24/12/12 14:00:00.000000',
                        'DD/MM/YY HH24:MI:SS.US'),
           'sigma workout',
           to_timestamp('25/01/16 17:13:38.250215',
                        'DD/MM/YY HH24:MI:SS.US'),
           1,
           0 );

insert into workouts (
   workout_id,
   start_datetime,
   username,
   end_datetime,
   description,
   created_datetime,
   is_posted,
   schedule
) values ( 98,
           to_timestamp('25/01/19 00:00:00.000000',
                        'DD/MM/YY HH24:MI:SS.US'),
           'mandrysz',
           to_timestamp('25/01/19 00:00:00.000000',
                        'DD/MM/YY HH24:MI:SS.US'),
           'New3',
           to_timestamp('25/01/19 01:48:06.695187',
                        'DD/MM/YY HH24:MI:SS.US'),
           1,
           0 );

insert into workouts (
   workout_id,
   start_datetime,
   username,
   end_datetime,
   description,
   created_datetime,
   is_posted,
   schedule
) values ( 54,
           to_timestamp('25/01/15 03:14:00.000000',
                        'DD/MM/YY HH24:MI:SS.US'),
           'milosz',
           to_timestamp('25/01/15 07:34:00.000000',
                        'DD/MM/YY HH24:MI:SS.US'),
           'more kgs',
           to_timestamp('25/01/16 00:14:57.212164',
                        'DD/MM/YY HH24:MI:SS.US'),
           0,
           0 );

insert into workouts (
   workout_id,
   start_datetime,
   username,
   end_datetime,
   description,
   created_datetime,
   is_posted,
   schedule
) values ( 82,
           to_timestamp('24/01/20 00:00:00.000000',
                        'DD/MM/YY HH24:MI:SS.US'),
           'skuter',
           to_timestamp('24/01/20 02:10:00.000000',
                        'DD/MM/YY HH24:MI:SS.US'),
           null,
           to_timestamp('25/01/18 15:43:58.597965',
                        'DD/MM/YY HH24:MI:SS.US'),
           0,
           0 );

insert into workouts (
   workout_id,
   start_datetime,
   username,
   end_datetime,
   description,
   created_datetime,
   is_posted,
   schedule
) values ( 97,
           to_timestamp('25/01/19 00:00:00.000000',
                        'DD/MM/YY HH24:MI:SS.US'),
           'mandrysz',
           to_timestamp('25/01/19 00:00:00.000000',
                        'DD/MM/YY HH24:MI:SS.US'),
           'New3',
           to_timestamp('25/01/19 01:44:26.468488',
                        'DD/MM/YY HH24:MI:SS.US'),
           0,
           0 );

insert into workouts (
   workout_id,
   start_datetime,
   username,
   end_datetime,
   description,
   created_datetime,
   is_posted,
   schedule
) values ( 90,
           to_timestamp('25/01/17 03:15:00.000000',
                        'DD/MM/YY HH24:MI:SS.US'),
           'skuter',
           to_timestamp('25/01/18 03:14:00.000000',
                        'DD/MM/YY HH24:MI:SS.US'),
           'copied',
           to_timestamp('25/01/19 01:13:27.124846',
                        'DD/MM/YY HH24:MI:SS.US'),
           0,
           0 );

insert into workouts (
   workout_id,
   start_datetime,
   username,
   end_datetime,
   description,
   created_datetime,
   is_posted,
   schedule
) values ( 48,
           to_timestamp('24/01/15 03:14:00.000000',
                        'DD/MM/YY HH24:MI:SS.US'),
           'milosz',
           to_timestamp('24/01/15 10:26:00.000000',
                        'DD/MM/YY HH24:MI:SS.US'),
           'testing new exercises',
           to_timestamp('25/01/15 22:21:23.827406',
                        'DD/MM/YY HH24:MI:SS.US'),
           1,
           0 );

insert into workouts (
   workout_id,
   start_datetime,
   username,
   end_datetime,
   description,
   created_datetime,
   is_posted,
   schedule
) values ( 96,
           to_timestamp('25/01/19 00:00:00.000000',
                        'DD/MM/YY HH24:MI:SS.US'),
           'mandrysz',
           to_timestamp('25/01/19 00:00:00.000000',
                        'DD/MM/YY HH24:MI:SS.US'),
           'New2',
           to_timestamp('25/01/19 01:43:25.125303',
                        'DD/MM/YY HH24:MI:SS.US'),
           0,
           0 );

insert into workouts (
   workout_id,
   start_datetime,
   username,
   end_datetime,
   description,
   created_datetime,
   is_posted,
   schedule
) values ( 68,
           to_timestamp('25/01/08 03:15:00.000000',
                        'DD/MM/YY HH24:MI:SS.US'),
           'milosz',
           to_timestamp('25/01/16 08:38:00.000000',
                        'DD/MM/YY HH24:MI:SS.US'),
           'gym is my passion',
           to_timestamp('25/01/16 14:34:05.511273',
                        'DD/MM/YY HH24:MI:SS.US'),
           1,
           0 );

insert into workouts (
   workout_id,
   start_datetime,
   username,
   end_datetime,
   description,
   created_datetime,
   is_posted,
   schedule
) values ( 70,
           to_timestamp('24/12/01 22:00:00.000000',
                        'DD/MM/YY HH24:MI:SS.US'),
           'skuter',
           to_timestamp('24/12/01 23:00:00.000000',
                        'DD/MM/YY HH24:MI:SS.US'),
           'first workout in decemberr',
           to_timestamp('25/01/16 16:58:42.641339',
                        'DD/MM/YY HH24:MI:SS.US'),
           0,
           0 );


--- INSERTING into MUSCLES

insert into muscles (
   muscle_id,
   muscle_name
) values ( 1,
           'trapezius' );

insert into muscles (
   muscle_id,
   muscle_name
) values ( 2,
           'upper-back' );

insert into muscles (
   muscle_id,
   muscle_name
) values ( 3,
           'lower-back' );

insert into muscles (
   muscle_id,
   muscle_name
) values ( 4,
           'chest' );

insert into muscles (
   muscle_id,
   muscle_name
) values ( 5,
           'biceps' );

insert into muscles (
   muscle_id,
   muscle_name
) values ( 6,
           'triceps' );

insert into muscles (
   muscle_id,
   muscle_name
) values ( 7,
           'forearm' );

insert into muscles (
   muscle_id,
   muscle_name
) values ( 8,
           'back-deltoids' );

insert into muscles (
   muscle_id,
   muscle_name
) values ( 9,
           'front-deltoids' );

insert into muscles (
   muscle_id,
   muscle_name
) values ( 10,
           'abs' );

insert into muscles (
   muscle_id,
   muscle_name
) values ( 11,
           'obliques' );

insert into muscles (
   muscle_id,
   muscle_name
) values ( 12,
           'adductor' );

insert into muscles (
   muscle_id,
   muscle_name
) values ( 13,
           'hamstring' );

insert into muscles (
   muscle_id,
   muscle_name
) values ( 14,
           'quadriceps' );

insert into muscles (
   muscle_id,
   muscle_name
) values ( 15,
           'abductors' );

insert into muscles (
   muscle_id,
   muscle_name
) values ( 16,
           'calves' );

insert into muscles (
   muscle_id,
   muscle_name
) values ( 17,
           'gluteal' );

insert into muscles (
   muscle_id,
   muscle_name
) values ( 18,
           'head' );

insert into muscles (
   muscle_id,
   muscle_name
) values ( 19,
           'neck' );


--- INSERTING into EXERCISES_MUSCLES

insert into exercises_muscles (
   id,
   exercise_id,
   muscle_id
) values ( 1,
           1,
           4 );
insert into exercises_muscles (
   id,
   exercise_id,
   muscle_id
) values ( 2,
           1,
           6 );
insert into exercises_muscles (
   id,
   exercise_id,
   muscle_id
) values ( 3,
           1,
           9 );
insert into exercises_muscles (
   id,
   exercise_id,
   muscle_id
) values ( 4,
           2,
           4 );
insert into exercises_muscles (
   id,
   exercise_id,
   muscle_id
) values ( 5,
           2,
           6 );
insert into exercises_muscles (
   id,
   exercise_id,
   muscle_id
) values ( 6,
           2,
           9 );
insert into exercises_muscles (
   id,
   exercise_id,
   muscle_id
) values ( 7,
           3,
           6 );
insert into exercises_muscles (
   id,
   exercise_id,
   muscle_id
) values ( 8,
           3,
           9 );
insert into exercises_muscles (
   id,
   exercise_id,
   muscle_id
) values ( 9,
           4,
           6 );
insert into exercises_muscles (
   id,
   exercise_id,
   muscle_id
) values ( 10,
           4,
           9 );
insert into exercises_muscles (
   id,
   exercise_id,
   muscle_id
) values ( 11,
           5,
           9 );
insert into exercises_muscles (
   id,
   exercise_id,
   muscle_id
) values ( 12,
           6,
           4 );
insert into exercises_muscles (
   id,
   exercise_id,
   muscle_id
) values ( 13,
           7,
           4 );
insert into exercises_muscles (
   id,
   exercise_id,
   muscle_id
) values ( 14,
           7,
           6 );
insert into exercises_muscles (
   id,
   exercise_id,
   muscle_id
) values ( 15,
           7,
           9 );
insert into exercises_muscles (
   id,
   exercise_id,
   muscle_id
) values ( 16,
           8,
           6 );
insert into exercises_muscles (
   id,
   exercise_id,
   muscle_id
) values ( 17,
           9,
           9 );
insert into exercises_muscles (
   id,
   exercise_id,
   muscle_id
) values ( 18,
           10,
           6 );
insert into exercises_muscles (
   id,
   exercise_id,
   muscle_id
) values ( 19,
           11,
           4 );
insert into exercises_muscles (
   id,
   exercise_id,
   muscle_id
) values ( 20,
           11,
           6 );
insert into exercises_muscles (
   id,
   exercise_id,
   muscle_id
) values ( 21,
           12,
           6 );
insert into exercises_muscles (
   id,
   exercise_id,
   muscle_id
) values ( 22,
           12,
           9 );
insert into exercises_muscles (
   id,
   exercise_id,
   muscle_id
) values ( 23,
           13,
           9 );
insert into exercises_muscles (
   id,
   exercise_id,
   muscle_id
) values ( 24,
           14,
           6 );
insert into exercises_muscles (
   id,
   exercise_id,
   muscle_id
) values ( 25,
           15,
           4 );
insert into exercises_muscles (
   id,
   exercise_id,
   muscle_id
) values ( 26,
           15,
           6 );
insert into exercises_muscles (
   id,
   exercise_id,
   muscle_id
) values ( 27,
           15,
           9 );
insert into exercises_muscles (
   id,
   exercise_id,
   muscle_id
) values ( 28,
           16,
           4 );
insert into exercises_muscles (
   id,
   exercise_id,
   muscle_id
) values ( 29,
           16,
           6 );
insert into exercises_muscles (
   id,
   exercise_id,
   muscle_id
) values ( 30,
           16,
           9 );
insert into exercises_muscles (
   id,
   exercise_id,
   muscle_id
) values ( 31,
           17,
           4 );
insert into exercises_muscles (
   id,
   exercise_id,
   muscle_id
) values ( 32,
           17,
           6 );
insert into exercises_muscles (
   id,
   exercise_id,
   muscle_id
) values ( 33,
           17,
           9 );
insert into exercises_muscles (
   id,
   exercise_id,
   muscle_id
) values ( 34,
           18,
           4 );
insert into exercises_muscles (
   id,
   exercise_id,
   muscle_id
) values ( 35,
           18,
           6 );
insert into exercises_muscles (
   id,
   exercise_id,
   muscle_id
) values ( 36,
           18,
           9 );
insert into exercises_muscles (
   id,
   exercise_id,
   muscle_id
) values ( 37,
           19,
           4 );
insert into exercises_muscles (
   id,
   exercise_id,
   muscle_id
) values ( 38,
           19,
           6 );
insert into exercises_muscles (
   id,
   exercise_id,
   muscle_id
) values ( 39,
           19,
           9 );
insert into exercises_muscles (
   id,
   exercise_id,
   muscle_id
) values ( 40,
           20,
           4 );
insert into exercises_muscles (
   id,
   exercise_id,
   muscle_id
) values ( 41,
           21,
           5 );
insert into exercises_muscles (
   id,
   exercise_id,
   muscle_id
) values ( 42,
           22,
           5 );
insert into exercises_muscles (
   id,
   exercise_id,
   muscle_id
) values ( 43,
           23,
           5 );
insert into exercises_muscles (
   id,
   exercise_id,
   muscle_id
) values ( 44,
           23,
           7 );
insert into exercises_muscles (
   id,
   exercise_id,
   muscle_id
) values ( 45,
           24,
           5 );
insert into exercises_muscles (
   id,
   exercise_id,
   muscle_id
) values ( 46,
           25,
           5 );
insert into exercises_muscles (
   id,
   exercise_id,
   muscle_id
) values ( 47,
           25,
           7 );
insert into exercises_muscles (
   id,
   exercise_id,
   muscle_id
) values ( 48,
           26,
           1 );
insert into exercises_muscles (
   id,
   exercise_id,
   muscle_id
) values ( 49,
           26,
           2 );
insert into exercises_muscles (
   id,
   exercise_id,
   muscle_id
) values ( 50,
           26,
           3 );
insert into exercises_muscles (
   id,
   exercise_id,
   muscle_id
) values ( 51,
           26,
           5 );
insert into exercises_muscles (
   id,
   exercise_id,
   muscle_id
) values ( 52,
           26,
           7 );
insert into exercises_muscles (
   id,
   exercise_id,
   muscle_id
) values ( 53,
           26,
           8 );
insert into exercises_muscles (
   id,
   exercise_id,
   muscle_id
) values ( 54,
           27,
           1 );
insert into exercises_muscles (
   id,
   exercise_id,
   muscle_id
) values ( 55,
           27,
           2 );
insert into exercises_muscles (
   id,
   exercise_id,
   muscle_id
) values ( 56,
           27,
           3 );
insert into exercises_muscles (
   id,
   exercise_id,
   muscle_id
) values ( 57,
           27,
           5 );
insert into exercises_muscles (
   id,
   exercise_id,
   muscle_id
) values ( 58,
           27,
           7 );
insert into exercises_muscles (
   id,
   exercise_id,
   muscle_id
) values ( 59,
           27,
           8 );
insert into exercises_muscles (
   id,
   exercise_id,
   muscle_id
) values ( 60,
           28,
           1 );
insert into exercises_muscles (
   id,
   exercise_id,
   muscle_id
) values ( 61,
           28,
           2 );
insert into exercises_muscles (
   id,
   exercise_id,
   muscle_id
) values ( 62,
           28,
           3 );
insert into exercises_muscles (
   id,
   exercise_id,
   muscle_id
) values ( 63,
           28,
           5 );
insert into exercises_muscles (
   id,
   exercise_id,
   muscle_id
) values ( 64,
           28,
           7 );
insert into exercises_muscles (
   id,
   exercise_id,
   muscle_id
) values ( 65,
           28,
           8 );
insert into exercises_muscles (
   id,
   exercise_id,
   muscle_id
) values ( 66,
           29,
           3 );
insert into exercises_muscles (
   id,
   exercise_id,
   muscle_id
) values ( 67,
           29,
           5 );
insert into exercises_muscles (
   id,
   exercise_id,
   muscle_id
) values ( 68,
           29,
           7 );
insert into exercises_muscles (
   id,
   exercise_id,
   muscle_id
) values ( 69,
           30,
           2 );
insert into exercises_muscles (
   id,
   exercise_id,
   muscle_id
) values ( 70,
           30,
           8 );
insert into exercises_muscles (
   id,
   exercise_id,
   muscle_id
) values ( 71,
           31,
           2 );
insert into exercises_muscles (
   id,
   exercise_id,
   muscle_id
) values ( 72,
           31,
           5 );
insert into exercises_muscles (
   id,
   exercise_id,
   muscle_id
) values ( 73,
           32,
           7 );
insert into exercises_muscles (
   id,
   exercise_id,
   muscle_id
) values ( 74,
           33,
           7 );
insert into exercises_muscles (
   id,
   exercise_id,
   muscle_id
) values ( 75,
           34,
           7 );
insert into exercises_muscles (
   id,
   exercise_id,
   muscle_id
) values ( 76,
           35,
           7 );
insert into exercises_muscles (
   id,
   exercise_id,
   muscle_id
) values ( 77,
           36,
           5 );
insert into exercises_muscles (
   id,
   exercise_id,
   muscle_id
) values ( 78,
           36,
           7 );
insert into exercises_muscles (
   id,
   exercise_id,
   muscle_id
) values ( 79,
           37,
           5 );
insert into exercises_muscles (
   id,
   exercise_id,
   muscle_id
) values ( 80,
           37,
           7 );
insert into exercises_muscles (
   id,
   exercise_id,
   muscle_id
) values ( 81,
           38,
           3 );
insert into exercises_muscles (
   id,
   exercise_id,
   muscle_id
) values ( 82,
           39,
           13 );
insert into exercises_muscles (
   id,
   exercise_id,
   muscle_id
) values ( 83,
           39,
           14 );
insert into exercises_muscles (
   id,
   exercise_id,
   muscle_id
) values ( 84,
           39,
           15 );
insert into exercises_muscles (
   id,
   exercise_id,
   muscle_id
) values ( 85,
           39,
           16 );
insert into exercises_muscles (
   id,
   exercise_id,
   muscle_id
) values ( 86,
           39,
           17 );
insert into exercises_muscles (
   id,
   exercise_id,
   muscle_id
) values ( 87,
           40,
           13 );
insert into exercises_muscles (
   id,
   exercise_id,
   muscle_id
) values ( 88,
           40,
           14 );
insert into exercises_muscles (
   id,
   exercise_id,
   muscle_id
) values ( 89,
           40,
           15 );
insert into exercises_muscles (
   id,
   exercise_id,
   muscle_id
) values ( 90,
           40,
           16 );
insert into exercises_muscles (
   id,
   exercise_id,
   muscle_id
) values ( 91,
           40,
           17 );
insert into exercises_muscles (
   id,
   exercise_id,
   muscle_id
) values ( 92,
           41,
           13 );
insert into exercises_muscles (
   id,
   exercise_id,
   muscle_id
) values ( 93,
           41,
           14 );
insert into exercises_muscles (
   id,
   exercise_id,
   muscle_id
) values ( 94,
           41,
           15 );
insert into exercises_muscles (
   id,
   exercise_id,
   muscle_id
) values ( 95,
           41,
           16 );
insert into exercises_muscles (
   id,
   exercise_id,
   muscle_id
) values ( 96,
           41,
           17 );
insert into exercises_muscles (
   id,
   exercise_id,
   muscle_id
) values ( 97,
           42,
           13 );
insert into exercises_muscles (
   id,
   exercise_id,
   muscle_id
) values ( 98,
           42,
           14 );
insert into exercises_muscles (
   id,
   exercise_id,
   muscle_id
) values ( 99,
           42,
           15 );
insert into exercises_muscles (
   id,
   exercise_id,
   muscle_id
) values ( 100,
           42,
           16 );
insert into exercises_muscles (
   id,
   exercise_id,
   muscle_id
) values ( 101,
           42,
           17 );
insert into exercises_muscles (
   id,
   exercise_id,
   muscle_id
) values ( 102,
           43,
           14 );
insert into exercises_muscles (
   id,
   exercise_id,
   muscle_id
) values ( 103,
           44,
           13 );
insert into exercises_muscles (
   id,
   exercise_id,
   muscle_id
) values ( 104,
           45,
           16 );
insert into exercises_muscles (
   id,
   exercise_id,
   muscle_id
) values ( 105,
           46,
           16 );
insert into exercises_muscles (
   id,
   exercise_id,
   muscle_id
) values ( 106,
           47,
           13 );
insert into exercises_muscles (
   id,
   exercise_id,
   muscle_id
) values ( 107,
           47,
           14 );
insert into exercises_muscles (
   id,
   exercise_id,
   muscle_id
) values ( 108,
           47,
           15 );
insert into exercises_muscles (
   id,
   exercise_id,
   muscle_id
) values ( 109,
           47,
           16 );
insert into exercises_muscles (
   id,
   exercise_id,
   muscle_id
) values ( 110,
           47,
           17 );
insert into exercises_muscles (
   id,
   exercise_id,
   muscle_id
) values ( 111,
           48,
           13 );
insert into exercises_muscles (
   id,
   exercise_id,
   muscle_id
) values ( 112,
           48,
           14 );
insert into exercises_muscles (
   id,
   exercise_id,
   muscle_id
) values ( 113,
           48,
           15 );
insert into exercises_muscles (
   id,
   exercise_id,
   muscle_id
) values ( 114,
           48,
           16 );
insert into exercises_muscles (
   id,
   exercise_id,
   muscle_id
) values ( 115,
           48,
           17 );
insert into exercises_muscles (
   id,
   exercise_id,
   muscle_id
) values ( 116,
           51,
           13 );
insert into exercises_muscles (
   id,
   exercise_id,
   muscle_id
) values ( 117,
           51,
           14 );
insert into exercises_muscles (
   id,
   exercise_id,
   muscle_id
) values ( 118,
           51,
           15 );
insert into exercises_muscles (
   id,
   exercise_id,
   muscle_id
) values ( 119,
           51,
           16 );
insert into exercises_muscles (
   id,
   exercise_id,
   muscle_id
) values ( 120,
           51,
           17 );
insert into exercises_muscles (
   id,
   exercise_id,
   muscle_id
) values ( 121,
           52,
           2 );
insert into exercises_muscles (
   id,
   exercise_id,
   muscle_id
) values ( 122,
           52,
           3 );
insert into exercises_muscles (
   id,
   exercise_id,
   muscle_id
) values ( 123,
           52,
           5 );
insert into exercises_muscles (
   id,
   exercise_id,
   muscle_id
) values ( 124,
           52,
           13 );
insert into exercises_muscles (
   id,
   exercise_id,
   muscle_id
) values ( 125,
           52,
           14 );
insert into exercises_muscles (
   id,
   exercise_id,
   muscle_id
) values ( 126,
           52,
           17 );
insert into exercises_muscles (
   id,
   exercise_id,
   muscle_id
) values ( 127,
           53,
           2 );
insert into exercises_muscles (
   id,
   exercise_id,
   muscle_id
) values ( 128,
           53,
           3 );
insert into exercises_muscles (
   id,
   exercise_id,
   muscle_id
) values ( 129,
           53,
           13 );
insert into exercises_muscles (
   id,
   exercise_id,
   muscle_id
) values ( 130,
           53,
           17 );
insert into exercises_muscles (
   id,
   exercise_id,
   muscle_id
) values ( 131,
           54,
           2 );
insert into exercises_muscles (
   id,
   exercise_id,
   muscle_id
) values ( 132,
           54,
           3 );
insert into exercises_muscles (
   id,
   exercise_id,
   muscle_id
) values ( 133,
           54,
           13 );
insert into exercises_muscles (
   id,
   exercise_id,
   muscle_id
) values ( 134,
           54,
           14 );
insert into exercises_muscles (
   id,
   exercise_id,
   muscle_id
) values ( 135,
           54,
           15 );
insert into exercises_muscles (
   id,
   exercise_id,
   muscle_id
) values ( 136,
           54,
           17 );
insert into exercises_muscles (
   id,
   exercise_id,
   muscle_id
) values ( 137,
           55,
           2 );
insert into exercises_muscles (
   id,
   exercise_id,
   muscle_id
) values ( 138,
           55,
           3 );
insert into exercises_muscles (
   id,
   exercise_id,
   muscle_id
) values ( 139,
           55,
           7 );
insert into exercises_muscles (
   id,
   exercise_id,
   muscle_id
) values ( 140,
           55,
           16 );
insert into exercises_muscles (
   id,
   exercise_id,
   muscle_id
) values ( 141,
           55,
           17 );
insert into exercises_muscles (
   id,
   exercise_id,
   muscle_id
) values ( 142,
           56,
           1 );
insert into exercises_muscles (
   id,
   exercise_id,
   muscle_id
) values ( 143,
           56,
           2 );
insert into exercises_muscles (
   id,
   exercise_id,
   muscle_id
) values ( 144,
           57,
           10 );
insert into exercises_muscles (
   id,
   exercise_id,
   muscle_id
) values ( 145,
           58,
           10 );
insert into exercises_muscles (
   id,
   exercise_id,
   muscle_id
) values ( 146,
           59,
           10 );
insert into exercises_muscles (
   id,
   exercise_id,
   muscle_id
) values ( 147,
           60,
           10 );
insert into exercises_muscles (
   id,
   exercise_id,
   muscle_id
) values ( 148,
           61,
           10 );
insert into exercises_muscles (
   id,
   exercise_id,
   muscle_id
) values ( 149,
           61,
           11 );
insert into exercises_muscles (
   id,
   exercise_id,
   muscle_id
) values ( 150,
           62,
           19 );
insert into exercises_muscles (
   id,
   exercise_id,
   muscle_id
) values ( 151,
           63,
           19 );
insert into exercises_muscles (
   id,
   exercise_id,
   muscle_id
) values ( 152,
           64,
           2 );
insert into exercises_muscles (
   id,
   exercise_id,
   muscle_id
) values ( 153,
           64,
           8 );
insert into exercises_muscles (
   id,
   exercise_id,
   muscle_id
) values ( 154,
           64,
           9 );
insert into exercises_muscles (
   id,
   exercise_id,
   muscle_id
) values ( 155,
           65,
           2 );
insert into exercises_muscles (
   id,
   exercise_id,
   muscle_id
) values ( 156,
           65,
           8 );
insert into exercises_muscles (
   id,
   exercise_id,
   muscle_id
) values ( 157,
           65,
           9 );
insert into exercises_muscles (
   id,
   exercise_id,
   muscle_id
) values ( 158,
           66,
           10 );
insert into exercises_muscles (
   id,
   exercise_id,
   muscle_id
) values ( 159,
           66,
           11 );
insert into exercises_muscles (
   id,
   exercise_id,
   muscle_id
) values ( 160,
           67,
           10 );
insert into exercises_muscles (
   id,
   exercise_id,
   muscle_id
) values ( 161,
           67,
           11 );
insert into exercises_muscles (
   id,
   exercise_id,
   muscle_id
) values ( 162,
           67,
           17 );
insert into exercises_muscles (
   id,
   exercise_id,
   muscle_id
) values ( 163,
           68,
           13 );
insert into exercises_muscles (
   id,
   exercise_id,
   muscle_id
) values ( 164,
           68,
           14 );
insert into exercises_muscles (
   id,
   exercise_id,
   muscle_id
) values ( 165,
           68,
           16 );
insert into exercises_muscles (
   id,
   exercise_id,
   muscle_id
) values ( 166,
           69,
           13 );
insert into exercises_muscles (
   id,
   exercise_id,
   muscle_id
) values ( 167,
           69,
           14 );
insert into exercises_muscles (
   id,
   exercise_id,
   muscle_id
) values ( 168,
           69,
           16 );
insert into exercises_muscles (
   id,
   exercise_id,
   muscle_id
) values ( 169,
           70,
           13 );
insert into exercises_muscles (
   id,
   exercise_id,
   muscle_id
) values ( 170,
           70,
           14 );
insert into exercises_muscles (
   id,
   exercise_id,
   muscle_id
) values ( 171,
           70,
           16 );
insert into exercises_muscles (
   id,
   exercise_id,
   muscle_id
) values ( 172,
           71,
           13 );
insert into exercises_muscles (
   id,
   exercise_id,
   muscle_id
) values ( 173,
           71,
           14 );
insert into exercises_muscles (
   id,
   exercise_id,
   muscle_id
) values ( 174,
           71,
           16 );
insert into exercises_muscles (
   id,
   exercise_id,
   muscle_id
) values ( 175,
           72,
           1 );
insert into exercises_muscles (
   id,
   exercise_id,
   muscle_id
) values ( 176,
           72,
           2 );
insert into exercises_muscles (
   id,
   exercise_id,
   muscle_id
) values ( 177,
           72,
           4 );
insert into exercises_muscles (
   id,
   exercise_id,
   muscle_id
) values ( 178,
           72,
           5 );
insert into exercises_muscles (
   id,
   exercise_id,
   muscle_id
) values ( 179,
           72,
           6 );
insert into exercises_muscles (
   id,
   exercise_id,
   muscle_id
) values ( 180,
           72,
           8 );
insert into exercises_muscles (
   id,
   exercise_id,
   muscle_id
) values ( 181,
           72,
           9 );
insert into exercises_muscles (
   id,
   exercise_id,
   muscle_id
) values ( 182,
           72,
           10 );
insert into exercises_muscles (
   id,
   exercise_id,
   muscle_id
) values ( 183,
           72,
           11 );
insert into exercises_muscles (
   id,
   exercise_id,
   muscle_id
) values ( 184,
           72,
           13 );
insert into exercises_muscles (
   id,
   exercise_id,
   muscle_id
) values ( 185,
           72,
           14 );
insert into exercises_muscles (
   id,
   exercise_id,
   muscle_id
) values ( 186,
           72,
           16 );
insert into exercises_muscles (
   id,
   exercise_id,
   muscle_id
) values ( 187,
           73,
           13 );
insert into exercises_muscles (
   id,
   exercise_id,
   muscle_id
) values ( 188,
           73,
           14 );
insert into exercises_muscles (
   id,
   exercise_id,
   muscle_id
) values ( 189,
           73,
           16 );
insert into exercises_muscles (
   id,
   exercise_id,
   muscle_id
) values ( 190,
           73,
           17 );
insert into exercises_muscles (
   id,
   exercise_id,
   muscle_id
) values ( 191,
           74,
           2 );
insert into exercises_muscles (
   id,
   exercise_id,
   muscle_id
) values ( 192,
           74,
           8 );
insert into exercises_muscles (
   id,
   exercise_id,
   muscle_id
) values ( 193,
           74,
           14 );
insert into exercises_muscles (
   id,
   exercise_id,
   muscle_id
) values ( 194,
           74,
           16 );
insert into exercises_muscles (
   id,
   exercise_id,
   muscle_id
) values ( 195,
           75,
           15 );
insert into exercises_muscles (
   id,
   exercise_id,
   muscle_id
) values ( 196,
           75,
           17 );
insert into exercises_muscles (
   id,
   exercise_id,
   muscle_id
) values ( 197,
           76,
           12 );
insert into exercises_muscles (
   id,
   exercise_id,
   muscle_id
) values ( 198,
           76,
           17 );
insert into exercises_muscles (
   id,
   exercise_id,
   muscle_id
) values ( 199,
           77,
           1 );
insert into exercises_muscles (
   id,
   exercise_id,
   muscle_id
) values ( 200,
           77,
           2 );
insert into exercises_muscles (
   id,
   exercise_id,
   muscle_id
) values ( 201,
           77,
           3 );
insert into exercises_muscles (
   id,
   exercise_id,
   muscle_id
) values ( 202,
           77,
           5 );
insert into exercises_muscles (
   id,
   exercise_id,
   muscle_id
) values ( 203,
           77,
           7 );
insert into exercises_muscles (
   id,
   exercise_id,
   muscle_id
) values ( 258,
           168,
           14 );
insert into exercises_muscles (
   id,
   exercise_id,
   muscle_id
) values ( 259,
           168,
           13 );
insert into exercises_muscles (
   id,
   exercise_id,
   muscle_id
) values ( 260,
           168,
           16 );
insert into exercises_muscles (
   id,
   exercise_id,
   muscle_id
) values ( 261,
           168,
           17 );
insert into exercises_muscles (
   id,
   exercise_id,
   muscle_id
) values ( 262,
           169,
           14 );
insert into exercises_muscles (
   id,
   exercise_id,
   muscle_id
) values ( 263,
           169,
           13 );
insert into exercises_muscles (
   id,
   exercise_id,
   muscle_id
) values ( 264,
           169,
           17 );
insert into exercises_muscles (
   id,
   exercise_id,
   muscle_id
) values ( 265,
           169,
           10 );
insert into exercises_muscles (
   id,
   exercise_id,
   muscle_id
) values ( 266,
           170,
           4 );
insert into exercises_muscles (
   id,
   exercise_id,
   muscle_id
) values ( 267,
           170,
           6 );
insert into exercises_muscles (
   id,
   exercise_id,
   muscle_id
) values ( 268,
           170,
           14 );
insert into exercises_muscles (
   id,
   exercise_id,
   muscle_id
) values ( 269,
           170,
           13 );
insert into exercises_muscles (
   id,
   exercise_id,
   muscle_id
) values ( 270,
           170,
           10 );
insert into exercises_muscles (
   id,
   exercise_id,
   muscle_id
) values ( 271,
           170,
           9 );
insert into exercises_muscles (
   id,
   exercise_id,
   muscle_id
) values ( 272,
           171,
           16 );
insert into exercises_muscles (
   id,
   exercise_id,
   muscle_id
) values ( 273,
           171,
           14 );
insert into exercises_muscles (
   id,
   exercise_id,
   muscle_id
) values ( 274,
           171,
           13 );
insert into exercises_muscles (
   id,
   exercise_id,
   muscle_id
) values ( 275,
           171,
           10 );
insert into exercises_muscles (
   id,
   exercise_id,
   muscle_id
) values ( 276,
           171,
           7 );
insert into exercises_muscles (
   id,
   exercise_id,
   muscle_id
) values ( 277,
           171,
           17 );
insert into exercises_muscles (
   id,
   exercise_id,
   muscle_id
) values ( 340,
           172,
           7 );
insert into exercises_muscles (
   id,
   exercise_id,
   muscle_id
) values ( 341,
           172,
           8 );
insert into exercises_muscles (
   id,
   exercise_id,
   muscle_id
) values ( 342,
           172,
           3 );
insert into exercises_muscles (
   id,
   exercise_id,
   muscle_id
) values ( 343,
           172,
           16 );
insert into exercises_muscles (
   id,
   exercise_id,
   muscle_id
) values ( 344,
           174,
           5 );
insert into exercises_muscles (
   id,
   exercise_id,
   muscle_id
) values ( 345,
           174,
           2 );
insert into exercises_muscles (
   id,
   exercise_id,
   muscle_id
) values ( 346,
           174,
           10 );
insert into exercises_muscles (
   id,
   exercise_id,
   muscle_id
) values ( 347,
           175,
           5 );
insert into exercises_muscles (
   id,
   exercise_id,
   muscle_id
) values ( 348,
           175,
           2 );
insert into exercises_muscles (
   id,
   exercise_id,
   muscle_id
) values ( 349,
           176,
           5 );
insert into exercises_muscles (
   id,
   exercise_id,
   muscle_id
) values ( 350,
           176,
           2 );
insert into exercises_muscles (
   id,
   exercise_id,
   muscle_id
) values ( 351,
           176,
           10 );
insert into exercises_muscles (
   id,
   exercise_id,
   muscle_id
) values ( 352,
           177,
           5 );
insert into exercises_muscles (
   id,
   exercise_id,
   muscle_id
) values ( 353,
           177,
           2 );
insert into exercises_muscles (
   id,
   exercise_id,
   muscle_id
) values ( 354,
           177,
           10 );
insert into exercises_muscles (
   id,
   exercise_id,
   muscle_id
) values ( 355,
           178,
           5 );
insert into exercises_muscles (
   id,
   exercise_id,
   muscle_id
) values ( 356,
           178,
           2 );
insert into exercises_muscles (
   id,
   exercise_id,
   muscle_id
) values ( 357,
           178,
           10 );
insert into exercises_muscles (
   id,
   exercise_id,
   muscle_id
) values ( 358,
           179,
           14 );
insert into exercises_muscles (
   id,
   exercise_id,
   muscle_id
) values ( 359,
           179,
           13 );
insert into exercises_muscles (
   id,
   exercise_id,
   muscle_id
) values ( 360,
           179,
           10 );
insert into exercises_muscles (
   id,
   exercise_id,
   muscle_id
) values ( 361,
           179,
           16 );
insert into exercises_muscles (
   id,
   exercise_id,
   muscle_id
) values ( 401,
           50,
           13 );
insert into exercises_muscles (
   id,
   exercise_id,
   muscle_id
) values ( 402,
           50,
           14 );
insert into exercises_muscles (
   id,
   exercise_id,
   muscle_id
) values ( 403,
           50,
           16 );
insert into exercises_muscles (
   id,
   exercise_id,
   muscle_id
) values ( 404,
           50,
           17 );
insert into exercises_muscles (
   id,
   exercise_id,
   muscle_id
) values ( 405,
           302,
           13 );
insert into exercises_muscles (
   id,
   exercise_id,
   muscle_id
) values ( 406,
           302,
           14 );
insert into exercises_muscles (
   id,
   exercise_id,
   muscle_id
) values ( 407,
           302,
           16 );
insert into exercises_muscles (
   id,
   exercise_id,
   muscle_id
) values ( 309,
           259,
           10 );
insert into exercises_muscles (
   id,
   exercise_id,
   muscle_id
) values ( 310,
           259,
           11 );
insert into exercises_muscles (
   id,
   exercise_id,
   muscle_id
) values ( 311,
           259,
           14 );
insert into exercises_muscles (
   id,
   exercise_id,
   muscle_id
) values ( 312,
           259,
           16 );
insert into exercises_muscles (
   id,
   exercise_id,
   muscle_id
) values ( 313,
           259,
           17 );
insert into exercises_muscles (
   id,
   exercise_id,
   muscle_id
) values ( 314,
           260,
           1 );
insert into exercises_muscles (
   id,
   exercise_id,
   muscle_id
) values ( 315,
           260,
           2 );
insert into exercises_muscles (
   id,
   exercise_id,
   muscle_id
) values ( 316,
           260,
           3 );
insert into exercises_muscles (
   id,
   exercise_id,
   muscle_id
) values ( 317,
           260,
           6 );
insert into exercises_muscles (
   id,
   exercise_id,
   muscle_id
) values ( 318,
           260,
           13 );
insert into exercises_muscles (
   id,
   exercise_id,
   muscle_id
) values ( 319,
           261,
           10 );
insert into exercises_muscles (
   id,
   exercise_id,
   muscle_id
) values ( 320,
           261,
           11 );
insert into exercises_muscles (
   id,
   exercise_id,
   muscle_id
) values ( 321,
           261,
           14 );
insert into exercises_muscles (
   id,
   exercise_id,
   muscle_id
) values ( 322,
           261,
           16 );
insert into exercises_muscles (
   id,
   exercise_id,
   muscle_id
) values ( 323,
           261,
           17 );
insert into exercises_muscles (
   id,
   exercise_id,
   muscle_id
) values ( 324,
           262,
           10 );
insert into exercises_muscles (
   id,
   exercise_id,
   muscle_id
) values ( 325,
           262,
           14 );
insert into exercises_muscles (
   id,
   exercise_id,
   muscle_id
) values ( 326,
           262,
           16 );
insert into exercises_muscles (
   id,
   exercise_id,
   muscle_id
) values ( 327,
           262,
           17 );
insert into exercises_muscles (
   id,
   exercise_id,
   muscle_id
) values ( 328,
           263,
           10 );
insert into exercises_muscles (
   id,
   exercise_id,
   muscle_id
) values ( 329,
           263,
           14 );
insert into exercises_muscles (
   id,
   exercise_id,
   muscle_id
) values ( 330,
           263,
           16 );
insert into exercises_muscles (
   id,
   exercise_id,
   muscle_id
) values ( 331,
           263,
           17 );
insert into exercises_muscles (
   id,
   exercise_id,
   muscle_id
) values ( 332,
           264,
           10 );
insert into exercises_muscles (
   id,
   exercise_id,
   muscle_id
) values ( 333,
           264,
           14 );
insert into exercises_muscles (
   id,
   exercise_id,
   muscle_id
) values ( 334,
           264,
           16 );
insert into exercises_muscles (
   id,
   exercise_id,
   muscle_id
) values ( 335,
           264,
           17 );
insert into exercises_muscles (
   id,
   exercise_id,
   muscle_id
) values ( 336,
           265,
           10 );
insert into exercises_muscles (
   id,
   exercise_id,
   muscle_id
) values ( 337,
           265,
           14 );
insert into exercises_muscles (
   id,
   exercise_id,
   muscle_id
) values ( 338,
           265,
           16 );
insert into exercises_muscles (
   id,
   exercise_id,
   muscle_id
) values ( 339,
           265,
           17 );
insert into exercises_muscles (
   id,
   exercise_id,
   muscle_id
) values ( 408,
           302,
           17 );


--- INSERTING into FRIENDSHIPS

   SET DEFINE OFF;
insert into friendships (
   id,
   friend1_username,
   friend2_username,
   created_at
) values ( '60',
           'milosz',
           'skuter',
           to_timestamp('25/01/16 19:13:12,521963000',
                        'RR/MM/DD HH24:MI:SSXFF') );
insert into friendships (
   id,
   friend1_username,
   friend2_username,
   created_at
) values ( '51',
           'pedziwiatr',
           'milosz',
           to_timestamp('25/01/16 14:24:40,000000000',
                        'RR/MM/DD HH24:MI:SSXFF') );


--- INSERTING into POSTS

insert into posts (
   post_id,
   author_username,
   post_date,
   title,
   workout_id,
   content
) values ( 56,
           'milosz',
           to_timestamp('25/01/16 19:13:38.958759',
                        'DD/MM/YY HH24:MI:SS.US'),
           'Moj trening',
           68,
           'asddasd' );

insert into posts (
   post_id,
   author_username,
   post_date,
   title,
   workout_id,
   content
) values ( 55,
           'skuter',
           to_timestamp('25/01/16 17:28:42.306883',
                        'DD/MM/YY HH24:MI:SS.US'),
           'very funny workout',
           72,
           'im sigma' );

insert into posts (
   post_id,
   author_username,
   post_date,
   title,
   workout_id,
   content
) values ( 61,
           'mandrysz',
           to_timestamp('25/01/19 16:09:58.668659',
                        'DD/MM/YY HH24:MI:SS.US'),
           'Trening elo',
           98,
           'pozdro' );

insert into posts (
   post_id,
   author_username,
   post_date,
   title,
   workout_id,
   content
) values ( 28,
           'pedziwiatr',
           to_timestamp('14/01/03 21:16:06.000000',
                        'DD/MM/YY HH24:MI:SS.US'),
           'Trening pleców',
           6,
           'przetrenowane plecki pyk pyk cyk myk pyk' );

insert into posts (
   post_id,
   author_username,
   post_date,
   title,
   workout_id,
   content
) values ( 53,
           'milosz',
           to_timestamp('25/01/16 05:17:07.414611',
                        'DD/MM/YY HH24:MI:SS.US'),
           'Pierwszy trening',
           48,
           'pozdro' );


--- INSERTING into POST_REACTIONS

insert into post_reactions (
   post_reaction_id,
   post_id,
   author_username
) values ( 67,
           28,
           'skuter' );

insert into post_reactions (
   post_reaction_id,
   post_id,
   author_username
) values ( 59,
           28,
           'milosz' );

insert into post_reactions (
   post_reaction_id,
   post_id,
   author_username
) values ( 60,
           53,
           'pedziwiatr' );

insert into post_reactions (
   post_reaction_id,
   post_id,
   author_username
) values ( 65,
           55,
           'skuter' );


--- INSERTING into POST_COMMENTS

insert into post_comments (
   post_comment_id,
   post_id,
   author_username,
   content,
   post_comment_date
) values ( 1,
           61,
           'pedziwiatr',
           'Niezła robota brachu',
           timestamp '2025-01-22 19:33:21.000000' );

insert into post_comments (
   post_comment_id,
   post_id,
   author_username,
   content,
   post_comment_date
) values ( 2,
           61,
           'skuter',
           'Haha jeszcze troche podbij ciężaru i będzie jak moja rozgrzewka',
           timestamp '2025-01-22 18:49:31.843426' );

insert into post_comments (
   post_comment_id,
   post_id,
   author_username,
   content,
   post_comment_date
) values ( 3,
           56,
           'pedziwiatr',
           'No i na co ci to? 100kg bierze a opony nawet nie potrafi wymienić. Od dobrobytu się w głowie poprzewracało!!!',
           timestamp '2025-01-22 18:49:31.850721' );

insert into post_comments (
   post_comment_id,
   post_id,
   author_username,
   content,
   post_comment_date
) values ( 4,
           56,
           'mandrysz',
           'Graty',
           timestamp '2025-01-22 18:49:31.858182' );

insert into post_comments (
   post_comment_id,
   post_id,
   author_username,
   content,
   post_comment_date
) values ( 5,
           55,
           'milosz',
           'Jest ok ',
           timestamp '2025-01-10 18:49:31.866001' );

insert into post_comments (
   post_comment_id,
   post_id,
   author_username,
   content,
   post_comment_date
) values ( 6,
           55,
           'pedziwiatr',
           'Kto pl pisze 123',
           timestamp '2025-01-22 18:50:24.404032' );

insert into post_comments (
   post_comment_id,
   post_id,
   author_username,
   content,
   post_comment_date
) values ( 7,
           55,
           'skuter',
           '123',
           timestamp '2025-01-22 18:49:31.882454' );

insert into post_comments (
   post_comment_id,
   post_id,
   author_username,
   content,
   post_comment_date
) values ( 8,
           28,
           'mandrysz',
           'Moze byc',
           timestamp '2025-01-22 18:49:31.893948' );

insert into post_comments (
   post_comment_id,
   post_id,
   author_username,
   content,
   post_comment_date
) values ( 9,
           28,
           'skuter',
           'Super ci poszlo pozdrawiam',
           timestamp '2025-01-22 18:49:31.901964' );

insert into post_comments (
   post_comment_id,
   post_id,
   author_username,
   content,
   post_comment_date
) values ( 10,
           28,
           'milosz',
           'Ale syf',
           timestamp '2024-02-22 18:49:31.910000' );

insert into post_comments (
   post_comment_id,
   post_id,
   author_username,
   content,
   post_comment_date
) values ( 11,
           53,
           'pedziwiatr',
           ':)',
           timestamp '2025-01-22 18:49:31.917941' );

insert into post_comments (
   post_comment_id,
   post_id,
   author_username,
   content,
   post_comment_date
) values ( 12,
           53,
           'skuter',
           'Wbijajcie na moj kanal nazwa xXSkuter2013Xx',
           timestamp '2024-01-22 18:49:31.925873' );

insert into post_comments (
   post_comment_id,
   post_id,
   author_username,
   content,
   post_comment_date
) values ( 13,
           53,
           'mandrysz',
           'Pozdrawiam',
           timestamp '2025-01-20 18:49:31.933907' );


-- --- INSERTING into ACTIVITIES

-- insert into activities (
--    activity_id,
--    exercise_id,
--    reps,
--    weight,
--    duration,
--    workout_id
-- ) values ( 309,
--            7,
--            12,
--            12,
--            null,
--            97 );

-- insert into activities (
--    activity_id,
--    exercise_id,
--    reps,
--    weight,
--    duration,
--    workout_id
-- ) values ( 304,
--            7,
--            123,
--            132,
--            null,
--            90 );

-- insert into activities (
--    activity_id,
--    exercise_id,
--    reps,
--    weight,
--    duration,
--    workout_id
-- ) values ( 247,
--            73,
--            null,
--            null,
--            interval '2 hours',
--            70 );

-- insert into activities (
--    activity_id,
--    exercise_id,
--    reps,
--    weight,
--    duration,
--    workout_id
-- ) values ( 248,
--            72,
--            null,
--            null,
--            interval '1 hour',
--            70 );

-- insert into activities (
--    activity_id,
--    exercise_id,
--    reps,
--    weight,
--    duration,
--    workout_id
-- ) values ( 249,
--            20,
--            40,
--            60,
--            null,
--            70 );

-- insert into activities (
--    activity_id,
--    exercise_id,
--    reps,
--    weight,
--    duration,
--    workout_id
-- ) values ( 250,
--            14,
--            30,
--            40,
--            null,
--            70 );

-- insert into activities (
--    activity_id,
--    exercise_id,
--    reps,
--    weight,
--    duration,
--    workout_id
-- ) values ( 251,
--            39,
--            30,
--            20,
--            null,
--            70 );

-- insert into activities (
--    activity_id,
--    exercise_id,
--    reps,
--    weight,
--    duration,
--    workout_id
-- ) values ( 252,
--            54,
--            20,
--            200,
--            null,
--            71 );

-- insert into activities (
--    activity_id,
--    exercise_id,
--    reps,
--    weight,
--    duration,
--    workout_id
-- ) values ( 253,
--            261,
--            0,
--            50,
--            interval '10 minutes',
--            71 );

-- insert into activities (
--    activity_id,
--    exercise_id,
--    reps,
--    weight,
--    duration,
--    workout_id
-- ) values ( 254,
--            262,
--            0,
--            100,
--            interval '30 minutes',
--            72 );

-- insert into activities (
--    activity_id,
--    exercise_id,
--    reps,
--    weight,
--    duration,
--    workout_id
-- ) values ( 255,
--            1,
--            12,
--            60,
--            null,
--            72 );

-- insert into activities (
--    activity_id,
--    exercise_id,
--    reps,
--    weight,
--    duration,
--    workout_id
-- ) values ( 256,
--            1,
--            12,
--            60,
--            null,
--            72 );

-- insert into activities (
--    activity_id,
--    exercise_id,
--    reps,
--    weight,
--    duration,
--    workout_id
-- ) values ( 257,
--            1,
--            12,
--            60,
--            null,
--            72 );

-- insert into activities (
--    activity_id,
--    exercise_id,
--    reps,
--    weight,
--    duration,
--    workout_id
-- ) values ( 258,
--            8,
--            10,
--            50,
--            null,
--            72 );

-- insert into activities (
--    activity_id,
--    exercise_id,
--    reps,
--    weight,
--    duration,
--    workout_id
-- ) values ( 259,
--            8,
--            10,
--            55,
--            null,
--            72 );

-- insert into activities (
--    activity_id,
--    exercise_id,
--    reps,
--    weight,
--    duration,
--    workout_id
-- ) values ( 260,
--            6,
--            12,
--            40,
--            null,
--            2 );

-- insert into activities (
--    activity_id,
--    exercise_id,
--    reps,
--    weight,
--    duration,
--    workout_id
-- ) values ( 261,
--            64,
--            15,
--            50,
--            null,
--            6 );

-- insert into activities (
--    activity_id,
--    exercise_id,
--    reps,
--    weight,
--    duration,
--    workout_id
-- ) values ( 310,
--            66,
--            null,
--            null,
--            interval '12 hours',
--            97 );

-- insert into activities (
--    activity_id,
--    exercise_id,
--    reps,
--    weight,
--    duration,
--    workout_id
-- ) values ( 302,
--            73,
--            null,
--            null,
--            interval '12 hours',
--            82 );

-- insert into activities (
--    activity_id,
--    exercise_id,
--    reps,
--    weight,
--    duration,
--    workout_id
-- ) values ( 307,
--            7,
--            12,
--            12,
--            null,
--            96 );

-- insert into activities (
--    activity_id,
--    exercise_id,
--    reps,
--    weight,
--    duration,
--    workout_id
-- ) values ( 265,
--            21,
--            20,
--            40,
--            null,
--            71 );

-- insert into activities (
--    activity_id,
--    exercise_id,
--    reps,
--    weight,
--    duration,
--    workout_id
-- ) values ( 266,
--            21,
--            16,
--            40,
--            null,
--            71 );

-- insert into activities (
--    activity_id,
--    exercise_id,
--    reps,
--    weight,
--    duration,
--    workout_id
-- ) values ( 267,
--            21,
--            12,
--            40,
--            null,
--            71 );

-- insert into activities (
--    activity_id,
--    exercise_id,
--    reps,
--    weight,
--    duration,
--    workout_id
-- ) values ( 268,
--            21,
--            8,
--            40,
--            null,
--            71 );

-- insert into activities (
--    activity_id,
--    exercise_id,
--    reps,
--    weight,
--    duration,
--    workout_id
-- ) values ( 269,
--            21,
--            5,
--            40,
--            null,
--            71 );

-- insert into activities (
--    activity_id,
--    exercise_id,
--    reps,
--    weight,
--    duration,
--    workout_id
-- ) values ( 270,
--            23,
--            12,
--            15,
--            null,
--            71 );

-- insert into activities (
--    activity_id,
--    exercise_id,
--    reps,
--    weight,
--    duration,
--    workout_id
-- ) values ( 271,
--            23,
--            10,
--            15,
--            null,
--            71 );

-- insert into activities (
--    activity_id,
--    exercise_id,
--    reps,
--    weight,
--    duration,
--    workout_id
-- ) values ( 308,
--            66,
--            null,
--            null,
--            interval '12 hours',
--            96 );

-- insert into activities (
--    activity_id,
--    exercise_id,
--    reps,
--    weight,
--    duration,
--    workout_id
-- ) values ( 311,
--            66,
--            null,
--            null,
--            interval '12 hours',
--            98 );

-- insert into activities (
--    activity_id,
--    exercise_id,
--    reps,
--    weight,
--    duration,
--    workout_id
-- ) values ( 312,
--            173,
--            0,
--            234234,
--            interval '12 hours 30 minutes 10 seconds',
--            98 );

-- insert into activities (
--    activity_id,
--    exercise_id,
--    reps,
--    weight,
--    duration,
--    workout_id
-- ) values ( 31,
--            21,
--            20,
--            40,
--            null,
--            3 );

-- insert into activities (
--    activity_id,
--    exercise_id,
--    reps,
--    weight,
--    duration,
--    workout_id
-- ) values ( 32,
--            21,
--            16,
--            40,
--            null,
--            3 );

-- insert into activities (
--    activity_id,
--    exercise_id,
--    reps,
--    weight,
--    duration,
--    workout_id
-- ) values ( 33,
--            21,
--            12,
--            40,
--            null,
--            3 );

-- insert into activities (
--    activity_id,
--    exercise_id,
--    reps,
--    weight,
--    duration,
--    workout_id
-- ) values ( 34,
--            21,
--            8,
--            40,
--            null,
--            3 );

-- insert into activities (
--    activity_id,
--    exercise_id,
--    reps,
--    weight,
--    duration,
--    workout_id
-- ) values ( 35,
--            21,
--            5,
--            40,
--            null,
--            3 );

-- insert into activities (
--    activity_id,
--    exercise_id,
--    reps,
--    weight,
--    duration,
--    workout_id
-- ) values ( 36,
--            23,
--            12,
--            15,
--            null,
--            3 );

-- insert into activities (
--    activity_id,
--    exercise_id,
--    reps,
--    weight,
--    duration,
--    workout_id
-- ) values ( 37,
--            23,
--            10,
--            15,
--            null,
--            3 );

-- insert into activities (
--    activity_id,
--    exercise_id,
--    reps,
--    weight,
--    duration,
--    workout_id
-- ) values ( 38,
--            23,
--            8,
--            15,
--            null,
--            3 );

-- insert into activities (
--    activity_id,
--    exercise_id,
--    reps,
--    weight,
--    duration,
--    workout_id
-- ) values ( 39,
--            29,
--            11,
--            0,
--            null,
--            3 );

-- insert into activities (
--    activity_id,
--    exercise_id,
--    reps,
--    weight,
--    duration,
--    workout_id
-- ) values ( 40,
--            29,
--            8,
--            0,
--            null,
--            3 );

-- insert into activities (
--    activity_id,
--    exercise_id,
--    reps,
--    weight,
--    duration,
--    workout_id
-- ) values ( 41,
--            29,
--            2,
--            15,
--            null,
--            3 );

-- insert into activities (
--    activity_id,
--    exercise_id,
--    reps,
--    weight,
--    duration,
--    workout_id
-- ) values ( 313,
--            1,
--            123,
--            24342,
--            null,
--            54 );

-- insert into activities (
--    activity_id,
--    exercise_id,
--    reps,
--    weight,
--    duration,
--    workout_id
-- ) values ( 234,
--            73,
--            null,
--            null,
--            interval '12 hours',
--            54 );

-- insert into activities (
--    activity_id,
--    exercise_id,
--    reps,
--    weight,
--    duration,
--    workout_id
-- ) values ( 314,
--            173,
--            0,
--            234,
--            interval '12 hours 30 minutes 10 seconds',
--            54 );

-- insert into activities (
--    activity_id,
--    exercise_id,
--    reps,
--    weight,
--    duration,
--    workout_id
-- ) values ( 196,
--            66,
--            null,
--            null,
--            interval '4 hours 10 minutes 45 seconds',
--            48 );

-- insert into activities (
--    activity_id,
--    exercise_id,
--    reps,
--    weight,
--    duration,
--    workout_id
-- ) values ( 243,
--            168,
--            null,
--            null,
--            interval '12 hours 30 minutes 10 seconds',
--            68 );